model,accuracy,balanced_accuracy,precision,recall,f1_score,avg_latency_ms,avg_confidence
CNN,0.6111111111111112,0.5833333333333333,0.5444444444444445,0.6111111111111112,0.5694444444444444,8.67923100789388,0.6401891724930869
ResNet18,0.7777777777777778,0.7916666666666666,0.8380952380952381,0.7777777777777778,0.7814102564102565,17.288923263549805,0.8430113212929832
